food_id,food_name,category,subcategory,fdc_id,preparation_state,energy_kcal,protein_g,total_fat_g,carbohydrates_g,dietary_fiber_g,sugars_g,saturated_fat_g,monounsaturated_fat_g,polyunsaturated_fat_g,cholesterol_mg,calcium_mg,iron_mg,magnesium_mg,phosphorus_mg,potassium_mg,sodium_mg,zinc_mg,vitamin_a_ug_rae,vitamin_d_ug,vitamin_e_mg_ate,vitamin_k_ug,vitamin_c_mg,thiamin_b1_mg,riboflavin_b2_mg,niacin_b3_mg,vitamin_b6_mg,folate_ug_dfe,vitamin_b12_ug,selenium_ug
1,"Chicken Breast, Boneless Skinless (fresh)",Poultry,Breast,331960,Cooked (roasted),165,31.00,3.60,0.00,0.00,0.00,1.00,1.20,0.80,85.00,15.00,1.04,29.00,220.00,256.00,74.00,1.00,8.00,0.10,0.30,0.00,0.00,0.06,0.11,14.80,1.00,4.00,0.30,27.00
2,"Chicken Breast, Boneless Skinless (frozen)",Poultry,Breast,782351,Cooked (roasted),163,30.50,3.50,0.00,0.00,0.00,1.00,1.10,0.80,84.00,14.00,1.00,28.00,218.00,254.00,72.00,0.90,7.00,0.10,0.30,0.00,0.00,0.06,0.10,14.50,1.00,4.00,0.29,26.00
3,"Chicken Legs, Bone-In (fresh)",Poultry,Drumstick/Thigh,782,Cooked (roasted),172,28.00,5.70,0.00,0.00,0.00,1.50,2.10,1.30,88.00,14.00,1.26,23.00,190.00,240.00,87.00,2.80,26.00,0.20,0.20,0.00,0.00,0.07,0.19,8.40,0.40,6.00,0.28,18.00
4,"Chicken Thighs, Boneless Skinless",Poultry,Thigh,171477,Cooked (roasted),209,26.00,12.00,0.00,0.00,0.00,3.40,4.60,2.70,93.00,13.00,1.34,24.00,195.00,238.00,93.00,2.40,40.00,0.20,0.30,0.00,0.00,0.08,0.23,7.20,0.50,7.00,0.30,21.00
5,Chicken Wings (fresh),Poultry,Wings,171490,Cooked (roasted),290,27.00,19.50,0.00,0.00,0.00,5.40,8.00,4.20,96.00,15.00,1.28,22.00,184.00,210.00,97.00,2.30,38.00,0.20,0.40,0.00,0.00,0.07,0.19,8.10,0.50,6.00,0.32,23.00
6,Whole Chicken (fresh),Poultry,Whole Bird,171477,"Cooked (roasted, meat only)",215,27.00,11.00,0.00,0.00,0.00,3.10,4.30,2.40,88.00,14.00,1.26,24.00,200.00,223.00,82.00,2.10,35.00,0.10,0.30,0.00,0.00,0.06,0.16,8.00,0.40,5.00,0.28,20.00
7,"Turkey Breast, Deli-Sliced",Poultry,Turkey,782558,Ready-to-eat,135,28.00,3.00,1.00,0.00,0.50,0.90,0.70,0.70,71.00,9.00,1.00,27.00,218.00,298.00,882.00,1.80,0.00,0.10,0.20,0.00,0.00,0.04,0.17,7.70,0.70,7.00,0.19,25.00
8,"Turkey Breast, Roasted (whole)",Poultry,Turkey,171504,Cooked (roasted),189,29.00,7.40,0.00,0.00,0.00,2.00,2.30,1.90,86.00,26.00,1.57,30.00,242.00,305.00,63.00,2.90,0.00,0.00,0.20,0.00,0.00,0.06,0.20,5.80,0.90,9.00,1.01,32.00
9,Ground Turkey (93% lean),Poultry,Turkey,171507,Cooked (pan-browned),170,22.00,9.00,0.00,0.00,0.00,2.40,3.00,2.40,84.00,13.00,1.50,26.00,205.00,272.00,88.00,2.30,0.00,0.10,0.30,0.00,0.00,0.05,0.18,6.10,0.60,8.00,0.30,28.00
10,"Duck Breast, Roasted",Poultry,Duck,171500,Cooked (roasted),201,23.50,11.20,0.00,0.00,0.00,3.00,4.50,1.50,89.00,11.00,2.70,23.00,203.00,252.00,65.00,2.50,13.00,0.30,0.50,0.00,3.00,0.27,0.45,5.30,0.40,12.00,0.37,26.00
11,"Ground Beef, 80% Lean",Beef,Ground,174032,Cooked (pan-browned),254,26.00,17.00,0.00,0.00,0.00,6.50,7.40,0.60,87.00,18.00,2.61,20.00,198.00,318.00,72.00,4.80,0.00,0.10,0.40,2.50,0.00,0.04,0.16,5.60,0.40,8.00,2.45,18.00
12,"Ground Beef, 90% Lean",Beef,Ground,174031,Cooked (pan-browned),196,26.50,10.00,0.00,0.00,0.00,3.90,4.30,0.40,85.00,17.00,2.75,22.00,210.00,340.00,75.00,5.00,0.00,0.10,0.30,2.50,0.00,0.04,0.17,6.00,0.40,9.00,2.55,19.00
13,Beef Round Roast,Beef,Roast,174182,Cooked (roasted),186,28.00,8.00,0.00,0.00,0.00,3.00,3.40,0.30,82.00,6.00,2.84,22.00,222.00,334.00,56.00,5.20,0.00,0.10,0.30,2.50,0.00,0.09,0.21,6.00,0.50,7.00,2.21,28.00
14,Beef Chuck Roast,Beef,Roast,174183,Cooked (braised),225,30.00,11.50,0.00,0.00,0.00,4.60,5.00,0.50,93.00,14.00,3.20,24.00,220.00,310.00,68.00,7.20,0.00,0.10,0.50,3.10,0.00,0.06,0.22,4.80,0.40,8.00,2.80,30.00
15,Beef Sirloin Steak,Beef,Steak,174300,Cooked (broiled),207,27.00,10.00,0.00,0.00,0.00,3.90,4.30,0.40,89.00,8.00,2.88,24.00,228.00,366.00,63.00,5.50,0.00,0.10,0.50,3.00,0.00,0.09,0.23,7.10,0.60,8.00,2.45,27.00
16,"Ribeye Steak, Bone-In",Beef,Steak,174301,Cooked (broiled),291,24.00,21.00,0.00,0.00,0.00,8.40,9.20,0.80,86.00,14.00,2.36,20.00,186.00,302.00,63.00,6.20,0.00,0.10,0.50,2.40,0.00,0.07,0.18,7.20,0.50,7.00,2.01,26.00
17,Beef Tenderloin (Filet),Beef,Steak,174302,Cooked (broiled),219,26.00,12.00,0.00,0.00,0.00,4.70,5.10,0.50,82.00,5.00,2.52,22.00,215.00,340.00,57.00,4.90,0.00,0.10,0.50,3.00,0.00,0.08,0.21,5.90,0.50,8.00,2.38,26.00
18,Beef Brisket,Beef,Other Cuts,174184,Cooked (braised),250,28.50,14.50,0.00,0.00,0.00,5.50,6.30,0.50,93.00,9.00,2.98,22.00,205.00,298.00,61.00,7.00,0.00,0.10,0.50,2.50,0.00,0.05,0.20,4.50,0.40,8.00,2.70,27.00
19,Beef Liver,Beef,Organ,168626,Cooked (pan-fried),175,27.00,5.00,5.00,0.00,0.00,1.90,1.00,0.70,389.00,9.00,6.18,18.00,497.00,380.00,73.00,4.00,"4,913.00",1.10,0.40,3.10,1.70,0.20,3.52,15.00,1.10,246.00,59.34,32.00
20,Beef Short Ribs,Beef,Ribs,174304,Cooked (braised),295,24.00,21.00,0.00,0.00,0.00,8.90,9.50,0.80,93.00,13.00,2.74,18.00,170.00,270.00,60.00,6.80,0.00,0.10,0.50,3.00,0.00,0.04,0.15,3.90,0.40,6.00,2.40,21.00
21,"Pork Loin Chops, Center Cut",Pork,Chops,167904,Cooked (broiled),172,27.00,7.10,0.00,0.00,0.00,2.40,3.30,0.80,72.00,12.00,0.89,23.00,240.00,387.00,58.00,2.50,7.00,0.50,0.30,0.00,0.50,0.54,0.28,7.30,0.50,5.00,0.66,35.00
22,Pork Shoulder (Boston Butt),Pork,Shoulder,168175,Cooked (roasted),248,26.50,15.00,0.00,0.00,0.00,5.40,6.70,1.70,90.00,16.00,1.10,22.00,212.00,330.00,72.00,4.20,5.00,0.60,0.40,0.00,0.40,0.62,0.33,6.00,0.50,6.00,0.77,38.00
23,"Pork Ribs, Baby Back",Pork,Ribs,167899,Cooked (roasted),292,19.00,23.00,0.00,0.00,0.00,8.30,10.20,2.50,100.00,43.00,1.10,17.00,166.00,246.00,86.00,3.50,10.00,0.70,0.40,0.00,0.50,0.46,0.25,4.50,0.40,4.00,0.65,28.00
24,"Ham, Bone-In, Whole (cured)",Pork,Ham,175296,Cooked (roasted),185,20.90,10.00,1.60,0.00,0.00,3.60,4.80,1.30,61.00,8.00,1.14,18.00,214.00,310.00,"1,304.00",2.50,0.00,0.50,0.30,0.00,0.00,0.60,0.22,5.30,0.40,4.00,0.85,25.00
25,"Ham, Deli-Sliced (cured)",Pork,Ham,168192,Ready-to-eat,145,18.00,8.00,0.60,0.00,0.30,2.70,3.80,1.00,53.00,7.00,0.79,16.00,188.00,276.00,"1,068.00",2.00,0.00,0.50,0.30,0.00,0.00,0.52,0.21,3.80,0.30,4.00,0.65,19.00
26,"Bacon, Sliced (pan-fried)",Pork,Bacon,168181,Cooked (pan-fried),541,37.00,42.00,1.40,0.00,0.00,14.00,19.00,5.20,110.00,12.00,1.44,24.00,428.00,565.00,"1,717.00",3.50,0.00,0.70,0.50,0.00,0.00,0.42,0.22,10.50,0.30,1.00,1.24,37.00
27,"Pork Sausage (Italian, mild)",Pork,Sausage,168195,Cooked (pan-fried),301,13.40,26.40,1.90,0.00,0.80,9.40,11.90,3.00,69.00,16.00,0.99,14.00,129.00,204.00,869.00,1.50,0.00,0.30,0.20,0.00,0.70,0.33,0.15,3.50,0.20,4.00,0.80,16.00
28,Pork Tenderloin,Pork,Tenderloin,168173,Cooked (roasted),143,26.20,3.50,0.00,0.00,0.00,1.20,1.50,0.60,74.00,5.00,1.30,28.00,272.00,423.00,55.00,2.30,3.00,0.60,0.30,0.00,0.40,0.79,0.36,6.30,0.60,5.00,0.57,37.00
29,"Lamb Leg, Roasted",Lamb,Leg,174349,Cooked (roasted),206,28.30,9.50,0.00,0.00,0.00,3.90,4.00,0.70,91.00,16.00,2.06,26.00,211.00,341.00,72.00,4.60,0.00,0.30,0.30,4.60,0.00,0.14,0.25,6.90,0.20,26.00,2.72,22.00
30,"Lamb Chops, Loin",Lamb,Chops,174352,Cooked (broiled),294,24.10,21.00,0.00,0.00,0.00,9.60,8.80,1.50,97.00,17.00,1.88,24.00,196.00,312.00,75.00,3.80,0.00,0.20,0.40,5.20,0.00,0.12,0.23,6.60,0.20,22.00,2.48,23.00
31,"Tuna, Canned in Water (drained)",Fish & Seafood,Canned Fish,175159,Canned/drained,109,25.50,0.70,0.00,0.00,0.00,0.20,0.10,0.20,55.00,11.00,1.30,30.00,267.00,288.00,320.00,0.70,20.00,1.20,0.60,0.00,0.00,0.02,0.10,13.30,0.50,4.00,2.48,78.00
32,"Tuna, Canned in Oil (drained)",Fish & Seafood,Canned Fish,175160,Canned/drained,186,27.40,8.20,0.00,0.00,0.00,1.60,2.40,3.40,31.00,16.00,1.29,31.00,292.00,285.00,396.00,1.00,41.00,4.10,3.60,0.00,0.00,0.04,0.12,13.00,0.40,4.00,3.30,72.00
33,"Salmon, Atlantic, Farmed (fresh)",Fish & Seafood,Fresh Fish,175167,Cooked (baked),206,22.10,12.40,0.00,0.00,0.00,2.80,4.50,3.80,63.00,9.00,0.41,27.00,262.00,363.00,50.00,0.70,22.00,13.00,2.80,0.00,3.00,0.23,0.49,8.70,0.90,28.00,3.18,34.00
34,"Salmon, Pink, Canned (drained)",Fish & Seafood,Canned Fish,175168,Canned/drained,138,22.00,5.10,0.00,0.00,0.00,1.30,2.00,1.30,52.00,232.00,0.83,28.00,352.00,296.00,425.00,0.80,39.00,11.00,1.10,0.00,0.00,0.02,0.20,8.20,0.30,8.00,3.78,36.00
35,"Tilapia, Fresh Fillet",Fish & Seafood,Fresh Fish,175177,Cooked (baked),128,26.20,2.70,0.00,0.00,0.00,0.90,0.90,0.50,57.00,14.00,0.72,32.00,208.00,380.00,52.00,0.40,8.00,3.10,0.50,0.00,0.00,0.07,0.14,7.10,0.30,24.00,2.28,54.00
36,"Cod, Atlantic (fresh)",Fish & Seafood,Fresh Fish,171956,Cooked (baked),105,23.00,0.90,0.00,0.00,0.00,0.20,0.10,0.30,55.00,18.00,0.49,32.00,221.00,456.00,69.00,0.50,10.00,1.00,0.90,0.00,1.00,0.08,0.08,2.50,0.20,9.00,0.86,33.00
37,"Shrimp, Fresh (peeled)",Fish & Seafood,Shellfish,175187,Cooked (moist heat),99,24.00,0.50,0.90,0.00,0.00,0.20,0.10,0.20,189.00,70.00,2.41,39.00,185.00,259.00,148.00,1.60,16.00,0.30,1.10,0.00,2.30,0.03,0.03,2.60,0.10,3.00,1.29,38.00
38,"Sardines, Canned in Tomato Sauce",Fish & Seafood,Canned Fish,175172,Canned/drained,208,21.50,11.50,1.30,0.00,0.00,3.10,4.50,3.40,142.00,351.00,2.93,40.00,449.00,450.00,307.00,1.30,48.00,4.80,2.00,2.60,0.00,0.05,0.19,5.20,0.20,10.00,8.94,52.00
39,"Mackerel, Atlantic (canned)",Fish & Seafood,Canned Fish,175174,Canned/drained,156,23.50,6.50,0.00,0.00,0.00,1.80,2.80,1.40,75.00,12.00,1.30,32.00,225.00,395.00,430.00,0.60,45.00,4.40,1.80,5.10,0.40,0.10,0.40,9.40,0.50,1.00,14.00,52.00
40,"Clams, Canned (drained)",Fish & Seafood,Shellfish,175178,Canned/drained,74,12.80,1.00,2.60,0.00,0.00,0.10,0.10,0.30,40.00,92.00,28.00,13.00,156.00,314.00,56.00,1.40,16.00,1.00,1.30,0.20,22.00,0.01,0.10,1.80,0.10,16.00,49.00,24.00
41,"Catfish, Farmed (fresh fillet)",Fish & Seafood,Fresh Fish,175176,Cooked (dry heat),151,18.50,8.10,0.00,0.00,0.00,1.80,3.20,1.80,65.00,14.00,0.47,22.00,267.00,313.00,58.00,0.70,15.00,12.50,0.70,0.00,0.80,0.08,0.11,3.60,0.20,8.00,1.51,12.00
42,"Crab, Blue (fresh)",Fish & Seafood,Shellfish,175181,Cooked (moist heat),102,20.20,1.80,0.00,0.00,0.00,0.20,0.20,0.50,100.00,91.00,0.74,34.00,247.00,329.00,395.00,3.80,1.00,0.10,1.60,0.00,6.50,0.08,0.07,2.70,0.20,38.00,9.78,42.00
43,"Eggs, Grade A, Large (whole, hard-boiled)",Eggs,Eggs,173423,Cooked (hard-boiled),155,12.60,10.60,1.10,0.00,1.00,3.30,4.10,1.40,373.00,50.00,1.19,10.00,172.00,126.00,124.00,1.00,149.00,2.00,1.10,0.30,0.00,0.07,0.48,0.10,0.10,44.00,1.11,15.00
44,"Eggs, Grade A, Large (whole, scrambled)",Eggs,Eggs,172185,"Cooked (scrambled, plain)",149,10.10,11.20,1.60,0.00,1.00,3.30,4.60,1.90,333.00,57.00,1.29,12.00,167.00,138.00,145.00,1.00,135.00,1.70,1.20,0.40,0.00,0.05,0.39,0.10,0.10,39.00,1.02,15.00
45,Egg Whites (liquid),Eggs,Eggs,175165,Raw/pasteurized,52,11.00,0.20,0.70,0.00,0.70,0.00,0.00,0.00,0.00,7.00,0.08,11.00,15.00,163.00,166.00,0.00,0.00,0.00,0.00,0.00,0.00,0.01,0.42,0.10,0.00,4.00,0.09,20.00
46,Dried Pinto Beans (cooked),Legumes,Dry Beans,175196,Cooked (boiled),143,8.90,0.60,26.20,9.00,0.40,0.10,0.10,0.30,0.00,46.00,2.24,50.00,147.00,436.00,1.00,1.20,0.00,0.00,0.20,3.80,1.40,0.22,0.07,0.50,0.20,172.00,0.00,4.00
47,Dried Black Beans (cooked),Legumes,Dry Beans,175237,Cooked (boiled),132,8.90,0.50,23.70,8.70,0.30,0.10,0.00,0.30,0.00,27.00,2.10,70.00,140.00,355.00,1.00,1.00,1.00,0.00,0.20,0.00,0.00,0.24,0.05,0.50,0.10,149.00,0.00,2.00
48,Dried Kidney Beans (cooked),Legumes,Dry Beans,175193,Cooked (boiled),127,8.70,0.50,22.80,6.40,0.30,0.10,0.00,0.30,0.00,50.00,2.94,45.00,168.00,403.00,2.00,1.10,0.00,0.00,0.20,8.40,1.20,0.16,0.06,0.60,0.20,130.00,0.00,2.00
49,Dried Chickpeas / Garbanzo Beans (cooked),Legumes,Dry Beans,173756,Cooked (boiled),164,8.90,2.60,27.40,7.60,4.80,0.30,0.60,1.20,0.00,49.00,2.89,48.00,168.00,291.00,7.00,1.50,1.00,0.00,0.60,4.00,1.30,0.12,0.06,0.50,0.10,172.00,0.00,4.00
50,"Canned Black Beans, No Salt (drained)",Legumes,Canned Beans,173735,Canned/drained,91,6.00,0.30,16.60,6.30,0.20,0.10,0.00,0.20,0.00,27.00,1.50,28.00,100.00,260.00,2.00,0.90,0.00,0.00,0.20,0.00,0.00,0.12,0.04,0.40,0.10,115.00,0.00,2.00
51,Canned Chickpeas (drained),Legumes,Canned Beans,174289,Canned/drained,164,9.00,2.60,27.40,7.60,4.80,0.30,0.60,1.20,0.00,49.00,3.00,48.00,168.00,291.00,7.00,1.50,1.00,0.00,0.60,4.00,1.30,0.12,0.06,0.50,0.10,172.00,0.00,4.00
52,"Lentils, Green (cooked)",Legumes,Lentils,172420,Cooked (boiled),116,9.00,0.40,20.10,7.90,1.80,0.10,0.10,0.20,0.00,19.00,3.33,36.00,180.00,369.00,2.00,1.30,1.00,0.00,0.10,1.70,1.50,0.17,0.07,1.10,0.20,181.00,0.00,3.00
53,"Split Peas, Yellow (cooked)",Legumes,Lentils,172422,Cooked (boiled),118,8.30,0.40,21.10,8.30,3.00,0.10,0.10,0.20,0.00,14.00,1.29,36.00,99.00,362.00,3.00,1.00,1.00,0.00,0.10,0.60,0.40,0.19,0.06,0.90,0.00,65.00,0.00,1.00
54,"Edamame (frozen, shelled, boiled)",Legumes,Soy,168411,Cooked (boiled),122,10.90,5.20,8.90,5.20,2.20,0.60,1.10,2.40,0.00,60.00,1.74,54.00,169.00,436.00,4.00,1.40,9.00,0.00,0.40,26.70,9.70,0.23,0.16,1.10,0.10,311.00,0.00,3.00
55,"Tofu, Firm (raw)",Legumes,Soy,172975,Raw,76,8.10,4.80,1.90,0.30,0.70,0.70,1.10,2.70,0.00,350.00,1.41,30.00,97.00,121.00,7.00,0.80,0.00,0.00,0.00,2.40,0.10,0.08,0.05,0.10,0.10,15.00,0.00,17.00
56,"Peanut Butter, Smooth",Legumes,Nuts & Nut Butters,172470,Ready-to-eat,588,25.10,50.40,20.10,6.00,9.10,10.00,24.70,13.70,0.00,49.00,1.74,169.00,358.00,649.00,429.00,2.90,0.00,0.00,9.10,0.30,0.00,0.15,0.19,13.10,0.40,87.00,0.00,4.00
57,Hummus (store-bought),Legumes,Soy/Legume Products,175289,Ready-to-eat,177,4.90,10.00,14.30,6.00,0.00,1.40,4.40,3.30,0.00,38.00,2.44,36.00,110.00,228.00,379.00,1.10,1.00,0.00,1.40,3.10,3.10,0.16,0.07,0.60,0.10,83.00,0.00,4.00
58,"Almonds, Raw",Nuts & Seeds,Tree Nuts,170567,Raw,579,21.20,49.90,21.70,12.50,4.40,3.80,31.60,12.30,0.00,264.00,3.71,270.00,484.00,733.00,1.00,3.10,0.00,0.00,25.60,0.00,0.00,0.21,1.14,3.60,0.10,44.00,0.00,4.00
59,"Walnuts, Raw",Nuts & Seeds,Tree Nuts,170187,Raw,654,15.20,65.20,13.70,6.70,2.60,6.10,8.90,47.20,0.00,98.00,2.91,158.00,346.00,441.00,2.00,3.10,1.00,0.00,0.70,2.70,1.30,0.34,0.15,1.10,0.50,98.00,0.00,5.00
60,"Sunflower Seeds (kernels, dry-roasted)",Nuts & Seeds,Seeds,170563,Dry-roasted,582,19.30,51.50,24.10,8.60,2.50,5.40,18.50,23.30,0.00,70.00,3.80,129.00,"1,155.00",689.00,3.00,5.30,3.00,0.00,35.20,0.00,1.40,0.11,0.19,7.00,0.80,237.00,0.00,79.00
61,"Pumpkin Seeds (pepitas, roasted)",Nuts & Seeds,Seeds,170556,Roasted,574,29.80,49.10,14.70,5.40,1.00,9.40,15.70,21.30,0.00,52.00,8.07,550.00,"1,233.00",919.00,18.00,7.50,14.00,0.00,0.10,7.30,0.00,0.13,0.16,4.40,0.10,58.00,0.00,9.00
62,"Flaxseeds, Whole",Nuts & Seeds,Seeds,169414,Raw,534,18.30,42.20,28.90,27.30,1.60,3.70,7.50,28.70,0.00,255.00,5.73,392.00,642.00,813.00,30.00,4.30,0.00,0.00,0.30,4.30,0.50,1.64,0.16,3.10,0.50,87.00,0.00,26.00
63,Chia Seeds,Nuts & Seeds,Seeds,170554,Raw,486,16.50,30.70,42.10,34.40,0.00,3.30,2.30,23.70,0.00,631.00,7.72,335.00,860.00,407.00,16.00,4.60,54.00,0.00,0.50,0.00,1.60,0.62,0.17,8.80,0.10,49.00,0.00,55.00
64,"Cashews, Raw",Nuts & Seeds,Tree Nuts,170162,Raw,553,18.20,43.90,30.20,3.30,5.90,7.80,23.80,7.80,0.00,37.00,6.68,292.00,593.00,660.00,12.00,5.80,0.00,0.00,0.90,34.10,0.50,0.42,0.06,1.10,0.40,25.00,0.00,19.00
65,"Pecans, Raw",Nuts & Seeds,Tree Nuts,170182,Raw,691,9.20,72.00,13.90,9.60,3.90,6.20,40.80,21.60,0.00,70.00,2.53,121.00,277.00,410.00,0.00,4.50,3.00,0.00,1.40,3.50,1.10,0.66,0.13,1.20,0.20,22.00,0.00,4.00
66,"Milk, Whole (3.25% fat), Fluid",Dairy,Fluid Milk,746782,Fluid,61,3.20,3.30,4.80,0.00,5.10,1.90,0.80,0.20,10.00,113.00,0.03,10.00,84.00,150.00,43.00,0.40,28.00,1.20,0.10,0.30,0.00,0.05,0.17,0.10,0.10,5.00,0.45,4.00
67,"Milk, 2% Reduced Fat, Fluid",Dairy,Fluid Milk,336079,Fluid,52,3.40,2.00,4.80,0.00,5.00,1.30,0.50,0.10,8.00,117.00,0.03,11.00,94.00,166.00,47.00,0.40,21.00,1.20,0.10,0.20,0.00,0.04,0.17,0.10,0.10,5.00,0.46,4.00
68,"Milk, 1% Low-Fat, Fluid",Dairy,Fluid Milk,173441,Fluid,42,3.50,1.00,5.00,0.00,5.00,0.60,0.30,0.00,5.00,119.00,0.03,11.00,95.00,150.00,44.00,0.40,14.00,1.00,0.10,0.20,0.00,0.04,0.17,0.10,0.10,5.00,0.44,3.00
69,"Milk, Nonfat/Skim, Fluid",Dairy,Fluid Milk,173448,Fluid,34,3.40,0.10,4.90,0.00,5.10,0.10,0.00,0.00,2.00,125.00,0.03,11.00,100.00,156.00,42.00,0.40,7.00,1.00,0.00,0.00,0.00,0.04,0.18,0.10,0.10,5.00,0.45,2.00
70,"Milk, Soy, Unsweetened (fortified)",Dairy,Plant-Based Milk,1097542,Fluid,33,3.30,1.80,1.70,0.40,0.00,0.20,0.40,1.00,0.00,123.00,0.60,25.00,52.00,127.00,51.00,0.30,78.00,1.20,0.10,0.00,0.00,0.07,0.22,0.10,0.10,24.00,1.17,3.00
71,"Milk, Almond, Unsweetened (fortified)",Dairy,Plant-Based Milk,1097544,Fluid,15,0.60,1.20,0.60,0.30,0.00,0.10,0.80,0.20,0.00,184.00,0.22,7.00,15.00,67.00,65.00,0.10,75.00,1.20,6.30,0.00,0.00,0.01,0.02,0.00,0.00,1.00,0.37,0.00
72,"Cheddar Cheese, Natural (sharp)",Dairy,Natural Cheese,173414,Ready-to-eat,403,24.90,33.10,1.30,0.00,0.50,18.90,8.70,1.00,105.00,721.00,0.68,28.00,512.00,98.00,621.00,3.10,262.00,0.60,0.70,2.90,0.00,0.03,0.43,0.10,0.10,18.00,1.10,14.00
73,American Processed Cheese (sliced),Dairy,Processed Cheese,173412,Ready-to-eat,303,16.00,24.00,5.50,0.00,3.70,13.00,6.70,0.80,72.00,534.00,0.41,20.00,850.00,152.00,"1,242.00",2.50,185.00,0.50,0.50,2.00,0.00,0.02,0.37,0.10,0.10,6.00,0.72,14.00
74,"Mozzarella, Part-Skim",Dairy,Natural Cheese,171253,Ready-to-eat,254,24.10,15.90,2.80,0.00,1.10,9.00,4.50,0.50,54.00,516.00,0.20,22.00,357.00,76.00,466.00,2.90,166.00,0.40,0.20,1.70,0.00,0.03,0.33,0.10,0.10,7.00,0.65,17.00
75,"Cottage Cheese, 2% Low-Fat",Dairy,Natural Cheese,172179,Ready-to-eat,84,11.00,2.30,3.40,0.00,2.70,1.40,0.60,0.10,9.00,61.00,0.07,8.00,134.00,84.00,365.00,0.40,37.00,0.10,0.10,0.00,0.00,0.02,0.16,0.10,0.10,11.00,0.50,11.00
76,"Ricotta Cheese, Part-Skim",Dairy,Natural Cheese,170854,Ready-to-eat,138,11.30,7.90,5.10,0.00,0.30,4.90,2.30,0.30,31.00,208.00,0.38,15.00,200.00,125.00,84.00,1.30,105.00,0.20,0.30,0.80,0.00,0.03,0.22,0.10,0.10,11.00,0.35,14.00
77,"Parmesan Cheese, Grated",Dairy,Natural Cheese,171254,Ready-to-eat,431,38.50,28.60,4.10,0.00,0.90,18.20,8.50,0.70,88.00,"1,184.00",0.82,44.00,694.00,92.00,"1,376.00",2.80,207.00,0.50,0.50,1.70,0.00,0.04,0.41,0.30,0.10,7.00,0.23,22.00
78,Swiss Cheese,Dairy,Natural Cheese,172183,Ready-to-eat,380,26.90,27.80,5.40,0.00,1.40,17.80,7.80,1.00,92.00,791.00,0.18,35.00,567.00,77.00,187.00,3.90,240.00,2.10,0.30,2.30,0.00,0.06,0.41,0.10,0.10,5.00,3.34,14.00
79,"Greek Yogurt, Plain, Nonfat",Dairy,Yogurt,170903,Ready-to-eat,59,10.20,0.40,3.60,0.00,3.20,0.10,0.10,0.00,5.00,110.00,0.07,11.00,135.00,141.00,36.00,0.50,0.00,0.00,0.00,0.20,0.00,0.03,0.26,0.20,0.10,10.00,0.31,9.00
80,"Yogurt, Low-Fat, Plain",Dairy,Yogurt,170886,Ready-to-eat,63,5.30,1.60,7.00,0.00,7.00,1.00,0.40,0.00,6.00,183.00,0.08,17.00,144.00,234.00,70.00,0.90,15.00,0.10,0.10,0.20,0.90,0.05,0.24,0.10,0.10,12.00,0.57,7.00
81,"Bread, White, Pan (commercially prepared)",Grains,Bread,172686,Ready-to-eat,265,9.00,3.20,51.00,2.70,5.00,0.70,1.20,1.00,0.00,100.00,2.81,23.00,97.00,120.00,491.00,0.70,0.00,0.00,0.20,0.50,0.00,0.55,0.36,5.90,0.00,117.00,0.00,21.00
82,"Bread, Whole Wheat (commercially prepared)",Grains,Bread,172684,Ready-to-eat,247,13.00,4.20,41.00,6.00,5.00,0.90,1.70,1.20,0.00,80.00,3.50,80.00,230.00,250.00,472.00,1.80,0.00,0.00,0.50,4.40,0.00,0.39,0.18,4.70,0.20,50.00,0.00,29.00
83,"Bagel, Plain (commercially prepared)",Grains,Bread,174285,Ready-to-eat,270,10.50,1.70,53.00,2.30,6.00,0.30,0.30,0.70,0.00,10.00,3.00,24.00,96.00,108.00,450.00,0.80,0.00,0.00,0.10,0.50,0.00,0.46,0.27,5.50,0.00,124.00,0.00,21.00
84,"English Muffin, Plain",Grains,Bread,173282,Ready-to-eat,223,8.50,1.80,43.00,2.80,5.00,0.30,0.50,0.70,0.00,100.00,2.88,22.00,120.00,134.00,390.00,0.80,0.00,0.00,0.10,0.50,0.00,0.42,0.28,4.50,0.00,90.00,0.00,20.00
85,"Pita Bread, White",Grains,Bread,174932,Ready-to-eat,275,9.10,1.20,55.70,2.20,0.00,0.20,0.10,0.50,0.00,86.00,2.75,26.00,106.00,120.00,536.00,0.80,0.00,0.00,0.20,1.00,0.00,0.48,0.29,5.80,0.00,121.00,0.00,25.00
86,"Tortilla, Flour (10 ct, 8-inch)",Grains,Bread,176990,Ready-to-eat,306,8.00,7.70,50.00,3.00,1.50,2.00,3.10,2.00,0.00,95.00,3.20,20.00,130.00,138.00,549.00,0.50,0.00,0.00,0.30,0.50,0.00,0.40,0.27,3.50,0.00,75.00,0.00,20.00
87,"Tortilla, Corn (6-inch, soft)",Grains,Bread,168901,Ready-to-eat,218,5.70,3.00,44.60,4.30,0.50,0.40,0.80,1.40,0.00,81.00,1.77,56.00,138.00,180.00,338.00,0.70,3.00,0.00,0.10,0.50,0.00,0.09,0.05,1.60,0.20,12.00,0.00,9.00
88,"Rice, White, Long Grain (cooked)",Grains,Rice,168878,Cooked (boiled),130,2.70,0.30,28.20,0.40,0.00,0.10,0.10,0.10,0.00,10.00,0.20,12.00,43.00,35.00,1.00,0.50,0.00,0.00,0.00,0.00,0.00,0.16,0.01,1.50,0.10,3.00,0.00,7.00
89,"Rice, Brown, Long Grain (cooked)",Grains,Rice,168879,Cooked (boiled),111,2.60,0.90,23.00,1.80,0.40,0.20,0.30,0.30,0.00,10.00,0.42,44.00,83.00,77.00,5.00,0.60,0.00,0.00,0.10,0.00,0.00,0.18,0.03,2.90,0.10,9.00,0.00,9.00
90,"Pasta, Spaghetti, Dry, Enriched",Grains,Pasta,168909,Dry,371,13.00,1.50,74.70,3.20,2.70,0.30,0.20,0.60,0.00,21.00,2.73,53.00,189.00,215.00,6.00,1.40,0.00,0.00,0.10,0.10,0.00,0.07,0.06,5.20,0.10,13.00,0.00,64.00
91,"Pasta, Whole Wheat, Dry",Grains,Pasta,168931,Dry,348,15.10,2.50,74.00,11.00,2.80,0.50,0.40,1.10,0.00,40.00,3.63,143.00,346.00,397.00,8.00,2.90,0.00,0.00,0.90,0.00,0.00,0.48,0.13,6.40,0.30,44.00,0.00,89.00
92,"Macaroni & Cheese (from box, prepared)",Grains,Pasta,168935,Prepared,164,5.60,3.50,26.10,1.00,4.40,1.30,1.00,0.40,5.00,100.00,1.40,14.00,118.00,67.00,370.00,0.60,40.00,0.10,0.10,0.20,0.00,0.17,0.15,2.00,0.10,52.00,0.11,8.00
93,"Oatmeal, Rolled Oats (cooked)",Grains,Cereals,173902,Cooked (boiled w/ water),71,2.50,1.40,12.00,1.70,0.10,0.30,0.50,0.50,0.00,10.00,0.85,26.00,99.00,61.00,49.00,0.90,0.00,0.00,0.20,0.40,0.00,0.08,0.03,0.70,0.00,7.00,0.00,9.00
94,"Granola (plain, without raisins)",Grains,Cereals,173943,Ready-to-eat,489,11.00,22.00,65.00,5.90,26.50,4.30,8.90,7.70,0.00,40.00,3.06,90.00,264.00,291.00,24.00,2.70,1.00,0.00,1.10,3.10,0.50,0.27,0.13,3.60,0.20,35.00,0.00,20.00
95,Corn Flakes Cereal (enriched),Grains,Cereals,173879,Ready-to-eat,357,7.50,0.40,84.00,2.90,8.70,0.10,0.10,0.20,0.00,3.00,12.00,14.00,88.00,108.00,730.00,0.20,150.00,8.30,0.00,0.30,0.00,1.40,1.70,18.70,2.00,200.00,0.00,22.00
96,Raisin Bran Cereal,Grains,Cereals,175210,Ready-to-eat,308,9.50,1.50,73.50,11.00,22.00,0.30,0.20,0.80,0.00,28.00,28.00,96.00,318.00,553.00,350.00,3.80,150.00,2.50,0.90,4.00,0.00,1.40,1.60,19.00,2.00,400.00,0.00,18.00
97,"Crackers, Whole Wheat (saltine-style)",Grains,Crackers,172738,Ready-to-eat,432,9.50,12.10,70.00,6.50,4.00,2.50,5.30,3.40,0.00,34.00,3.13,71.00,219.00,283.00,756.00,1.30,0.00,0.00,0.70,6.70,0.00,0.26,0.13,5.50,0.20,40.00,0.00,13.00
98,Quinoa (cooked),Grains,Ancient Grains,168917,Cooked (boiled),120,4.40,1.90,21.30,2.80,0.90,0.20,0.50,0.80,0.00,17.00,1.49,64.00,152.00,172.00,7.00,1.10,1.00,0.00,0.60,0.00,0.00,0.10,0.11,0.40,0.10,42.00,0.00,2.00
99,"Barley, Pearl (cooked)",Grains,Ancient Grains,170284,Cooked (boiled),123,2.30,0.40,28.20,6.00,0.30,0.10,0.10,0.20,0.00,11.00,1.33,22.00,54.00,93.00,3.00,0.80,1.00,0.00,0.00,0.50,0.00,0.08,0.05,2.10,0.10,16.00,0.00,9.00
100,"Spinach, Raw",Vegetables,Leafy Greens,168462,Raw,23,2.90,0.40,3.60,2.20,0.40,0.10,0.00,0.20,0.00,99.00,2.71,79.00,49.00,558.00,79.00,0.50,469.00,0.00,2.00,482.90,28.10,0.08,0.19,0.70,0.20,194.00,0.00,1.00
101,"Spinach, Frozen (boiled, drained)",Vegetables,Leafy Greens,169267,Cooked (boiled),23,3.00,0.30,3.80,2.40,0.40,0.10,0.00,0.10,0.00,136.00,2.34,88.00,52.00,419.00,63.00,0.50,524.00,0.00,2.10,493.00,8.30,0.06,0.19,0.60,0.20,127.00,0.00,1.00
102,"Kale, Raw",Vegetables,Leafy Greens,323505,Raw,35,2.90,1.50,4.40,4.10,1.00,0.20,0.10,0.70,0.00,254.00,1.60,34.00,55.00,348.00,38.00,0.40,241.00,0.00,1.50,817.00,93.40,0.11,0.13,1.20,0.30,141.00,0.00,1.00
103,"Romaine Lettuce, Raw",Vegetables,Leafy Greens,169247,Raw,17,1.20,0.30,3.30,2.10,1.20,0.00,0.00,0.10,0.00,33.00,0.97,14.00,30.00,247.00,8.00,0.20,436.00,0.00,0.10,102.50,4.00,0.05,0.07,0.30,0.10,136.00,0.00,0.00
104,"Iceberg Lettuce, Raw",Vegetables,Leafy Greens,169248,Raw,14,0.90,0.10,3.00,1.20,2.00,0.00,0.00,0.10,0.00,18.00,0.41,7.00,20.00,141.00,10.00,0.20,25.00,0.00,0.20,24.10,2.80,0.05,0.03,0.20,0.00,56.00,0.00,0.00
105,"Swiss Chard, Raw",Vegetables,Leafy Greens,169991,Raw,19,1.80,0.20,3.70,1.60,1.10,0.00,0.00,0.10,0.00,51.00,1.80,81.00,46.00,379.00,213.00,0.40,306.00,0.00,1.90,830.00,30.00,0.03,0.09,0.40,0.10,14.00,0.00,1.00
106,"Collard Greens, Raw",Vegetables,Leafy Greens,170406,Raw,32,3.00,0.60,5.70,3.60,0.50,0.10,0.10,0.20,0.00,232.00,0.47,27.00,25.00,213.00,17.00,0.40,251.00,0.00,2.30,437.10,35.30,0.07,0.10,0.90,0.20,129.00,0.00,0.00
107,"Broccoli, Raw",Vegetables,Cruciferous,170379,Raw,34,2.80,0.40,6.60,2.60,1.70,0.10,0.00,0.20,0.00,47.00,0.73,21.00,66.00,316.00,33.00,0.40,31.00,0.00,0.80,101.60,89.20,0.07,0.12,0.60,0.20,63.00,0.00,2.00
108,"Broccoli, Frozen (boiled)",Vegetables,Cruciferous,173962,Cooked (boiled),35,3.80,0.50,6.60,3.30,1.70,0.10,0.00,0.20,0.00,71.00,0.87,21.00,75.00,245.00,27.00,0.50,60.00,0.00,1.10,91.50,49.90,0.06,0.11,0.70,0.20,82.00,0.00,2.00
109,"Cauliflower, Raw",Vegetables,Cruciferous,169986,Raw,25,1.90,0.30,5.00,2.00,1.90,0.00,0.00,0.10,0.00,22.00,0.42,15.00,44.00,299.00,30.00,0.30,0.00,0.00,0.10,15.50,46.40,0.05,0.06,0.50,0.20,57.00,0.00,0.00
110,"Brussels Sprouts, Raw",Vegetables,Cruciferous,170383,Raw,43,3.40,0.30,8.90,3.80,2.20,0.10,0.00,0.20,0.00,42.00,1.40,23.00,69.00,389.00,25.00,0.40,38.00,0.00,0.90,177.00,85.00,0.14,0.09,0.70,0.20,61.00,0.00,1.00
111,"Cabbage, Green, Raw",Vegetables,Cruciferous,169975,Raw,25,1.30,0.10,5.80,2.50,3.20,0.00,0.00,0.10,0.00,40.00,0.47,12.00,26.00,170.00,18.00,0.20,5.00,0.00,0.10,76.00,36.60,0.05,0.04,0.30,0.10,43.00,0.00,0.00
112,"Carrots, Raw",Vegetables,Root Vegetables,170393,Raw,41,0.90,0.20,9.60,2.80,4.70,0.00,0.00,0.10,0.00,33.00,0.30,12.00,35.00,320.00,69.00,0.20,835.00,0.00,0.70,13.20,5.90,0.07,0.06,0.60,0.10,19.00,0.00,0.00
113,"Potato, White, Baked with Skin",Vegetables,Root Vegetables,170032,Cooked (baked),93,2.50,0.10,21.10,2.10,1.10,0.00,0.00,0.00,0.00,12.00,1.08,28.00,75.00,544.00,10.00,0.30,0.00,0.00,0.10,1.80,12.00,0.07,0.03,1.90,0.30,24.00,0.00,0.00
114,"Sweet Potato, Baked with Skin",Vegetables,Root Vegetables,168483,Cooked (baked),90,2.00,0.10,20.70,3.30,6.50,0.00,0.00,0.00,0.00,38.00,0.69,27.00,54.00,475.00,37.00,0.30,961.00,0.00,1.50,2.60,19.60,0.11,0.11,1.50,0.30,6.00,0.00,0.00
115,"Beet, Raw",Vegetables,Root Vegetables,169145,Raw,43,1.60,0.20,9.60,2.80,6.80,0.00,0.00,0.10,0.00,16.00,0.80,23.00,40.00,325.00,78.00,0.40,2.00,0.00,0.00,0.10,4.90,0.03,0.04,0.30,0.10,109.00,0.00,0.00
116,"Turnip, Raw",Vegetables,Root Vegetables,170462,Raw,28,0.90,0.10,6.40,1.80,3.80,0.00,0.00,0.00,0.00,30.00,0.30,11.00,27.00,191.00,67.00,0.30,0.00,0.00,0.00,0.10,21.00,0.04,0.03,0.40,0.10,15.00,0.00,0.00
117,"Tomatoes, Red, Fresh",Vegetables,Other Vegetables,170457,Raw,18,0.90,0.20,3.90,1.20,2.60,0.00,0.00,0.10,0.00,10.00,0.27,11.00,24.00,237.00,5.00,0.20,42.00,0.00,0.50,7.90,13.70,0.04,0.02,0.60,0.10,15.00,0.00,0.00
118,"Bell Pepper, Red, Raw",Vegetables,Other Vegetables,170108,Raw,31,1.00,0.30,6.00,2.10,4.20,0.00,0.00,0.10,0.00,7.00,0.43,12.00,26.00,211.00,4.00,0.30,157.00,0.00,1.60,4.90,127.70,0.05,0.09,0.90,0.30,46.00,0.00,0.00
119,"Bell Pepper, Green, Raw",Vegetables,Other Vegetables,170109,Raw,20,0.90,0.20,4.60,1.70,2.40,0.00,0.00,0.10,0.00,10.00,0.34,10.00,20.00,175.00,3.00,0.10,18.00,0.00,0.40,7.40,80.40,0.06,0.03,0.50,0.20,10.00,0.00,0.00
120,"Onion, Raw",Vegetables,Other Vegetables,170000,Raw,40,1.10,0.10,9.30,1.70,4.20,0.00,0.00,0.00,0.00,23.00,0.21,10.00,29.00,146.00,4.00,0.20,0.00,0.00,0.00,0.40,7.40,0.05,0.03,0.10,0.10,19.00,0.00,0.00
121,"Garlic, Raw",Vegetables,Other Vegetables,169230,Raw,149,6.40,0.50,33.10,2.10,1.00,0.10,0.00,0.20,0.00,181.00,1.70,25.00,153.00,401.00,17.00,1.20,0.00,0.00,0.10,1.70,31.20,0.20,0.11,0.70,1.20,3.00,0.00,14.00
122,"Corn, Yellow, Canned (drained, no salt)",Vegetables,Other Vegetables,168408,Canned/drained,72,2.50,1.00,15.10,1.50,4.70,0.20,0.30,0.50,0.00,3.00,0.38,22.00,73.00,165.00,270.00,0.60,5.00,0.00,0.10,0.40,3.50,0.03,0.04,1.50,0.10,46.00,0.00,0.00
123,"Peas, Green, Frozen (boiled)",Vegetables,Other Vegetables,170420,Cooked (boiled),84,5.40,0.20,15.60,5.50,5.90,0.00,0.00,0.10,0.00,27.00,1.54,39.00,117.00,271.00,68.00,1.00,58.00,0.00,0.20,26.00,14.20,0.27,0.12,2.60,0.20,63.00,0.00,2.00
124,"Zucchini, Raw",Vegetables,Other Vegetables,169291,Raw,17,1.20,0.30,3.10,1.00,2.50,0.10,0.00,0.10,0.00,16.00,0.37,18.00,38.00,261.00,8.00,0.30,10.00,0.00,0.10,4.30,17.90,0.04,0.09,0.50,0.20,24.00,0.00,0.00
125,"Mushrooms, White, Raw",Vegetables,Other Vegetables,169251,Raw,22,3.10,0.30,3.30,1.00,2.00,0.00,0.00,0.10,0.00,3.00,0.50,9.00,86.00,318.00,5.00,0.50,0.00,0.10,0.00,0.00,2.10,0.09,0.40,3.60,0.10,17.00,0.04,9.00
126,"Cucumber, Raw",Vegetables,Other Vegetables,168409,Raw,15,0.70,0.10,3.60,0.50,1.70,0.00,0.00,0.00,0.00,16.00,0.28,13.00,24.00,147.00,2.00,0.20,5.00,0.00,0.00,16.40,2.80,0.03,0.03,0.10,0.00,7.00,0.00,0.00
127,"Celery, Raw",Vegetables,Other Vegetables,169988,Raw,14,0.70,0.20,3.00,1.60,1.30,0.00,0.00,0.10,0.00,40.00,0.20,11.00,24.00,260.00,80.00,0.10,22.00,0.00,0.30,29.30,3.10,0.02,0.06,0.30,0.10,36.00,0.00,0.00
128,"Avocado, Raw, Florida",Vegetables,Other Vegetables,171706,Raw,160,2.00,14.70,8.50,6.70,0.70,2.10,9.80,1.80,0.00,12.00,0.55,29.00,52.00,485.00,7.00,0.60,7.00,0.00,2.10,21.00,10.00,0.07,0.13,1.70,0.30,81.00,0.00,0.00
129,"Bananas, Raw",Fruits,Fresh Fruits,173944,Raw,89,1.10,0.30,22.80,2.60,12.20,0.10,0.00,0.10,0.00,5.00,0.26,27.00,22.00,358.00,1.00,0.20,3.00,0.00,0.10,0.50,8.70,0.03,0.07,0.70,0.40,20.00,0.00,1.00
130,"Apples, Red Delicious, Raw (with skin)",Fruits,Fresh Fruits,171688,Raw,52,0.30,0.20,13.80,2.40,10.40,0.00,0.00,0.10,0.00,6.00,0.12,5.00,11.00,107.00,1.00,0.00,3.00,0.00,0.20,2.20,4.60,0.02,0.03,0.10,0.00,3.00,0.00,0.00
131,"Oranges, Navel, Raw",Fruits,Fresh Fruits,169097,Raw,47,0.90,0.10,11.80,2.40,9.40,0.00,0.00,0.00,0.00,40.00,0.10,10.00,17.00,181.00,0.00,0.10,11.00,0.00,0.20,0.00,59.10,0.09,0.04,0.30,0.10,30.00,0.00,1.00
132,"Grapes, Seedless (red/green), Raw",Fruits,Fresh Fruits,174683,Raw,69,0.70,0.20,18.10,0.90,15.50,0.10,0.00,0.10,0.00,10.00,0.36,7.00,20.00,191.00,2.00,0.10,3.00,0.00,0.20,14.60,3.20,0.07,0.07,0.20,0.10,2.00,0.00,0.00
133,"Strawberries, Raw",Fruits,Fresh Fruits,167762,Raw,32,0.70,0.30,7.70,2.00,4.90,0.00,0.00,0.20,0.00,16.00,0.41,13.00,24.00,153.00,1.00,0.10,1.00,0.00,0.30,2.20,58.80,0.02,0.02,0.40,0.00,24.00,0.00,0.00
134,"Blueberries, Raw",Fruits,Fresh Fruits,171711,Raw,57,0.70,0.30,14.50,2.40,9.90,0.00,0.00,0.10,0.00,6.00,0.28,6.00,12.00,77.00,1.00,0.20,3.00,0.00,0.60,19.30,9.70,0.04,0.04,0.40,0.10,6.00,0.00,0.00
135,"Peaches, Raw",Fruits,Fresh Fruits,169928,Raw,39,0.90,0.30,9.50,1.50,8.40,0.00,0.10,0.10,0.00,6.00,0.25,9.00,20.00,190.00,0.00,0.20,16.00,0.00,0.70,2.60,6.60,0.02,0.03,0.80,0.00,4.00,0.00,0.00
136,"Pears, Bartlett, Raw",Fruits,Fresh Fruits,169118,Raw,57,0.40,0.10,15.20,3.10,9.80,0.00,0.00,0.10,0.00,9.00,0.18,7.00,12.00,116.00,1.00,0.10,1.00,0.00,0.10,4.40,4.30,0.01,0.03,0.20,0.00,7.00,0.00,0.00
137,"Pineapple, Raw",Fruits,Fresh Fruits,169124,Raw,50,0.50,0.10,13.10,1.40,9.90,0.00,0.00,0.00,0.00,13.00,0.29,12.00,8.00,109.00,1.00,0.10,3.00,0.00,0.00,0.70,47.80,0.08,0.03,0.50,0.10,18.00,0.00,0.00
138,"Watermelon, Raw",Fruits,Fresh Fruits,167765,Raw,30,0.60,0.20,7.60,0.40,6.20,0.00,0.00,0.10,0.00,7.00,0.24,10.00,11.00,112.00,1.00,0.10,28.00,0.00,0.10,0.10,8.10,0.03,0.02,0.20,0.00,3.00,0.00,0.00
139,"Cantaloupe, Raw",Fruits,Fresh Fruits,169911,Raw,34,0.80,0.20,8.20,0.90,7.90,0.00,0.00,0.10,0.00,9.00,0.21,12.00,15.00,267.00,16.00,0.20,169.00,0.00,0.10,2.50,36.70,0.04,0.02,0.70,0.10,21.00,0.00,0.00
140,"Mangoes, Raw",Fruits,Fresh Fruits,169910,Raw,60,0.80,0.40,15.00,1.60,13.70,0.10,0.10,0.10,0.00,11.00,0.16,10.00,14.00,168.00,1.00,0.10,54.00,0.00,0.90,4.20,36.40,0.03,0.04,0.70,0.10,43.00,0.00,1.00
141,"Kiwi, Raw",Fruits,Fresh Fruits,168153,Raw,61,1.10,0.50,14.70,3.00,9.00,0.00,0.00,0.30,0.00,34.00,0.31,17.00,34.00,312.00,3.00,0.10,4.00,0.00,1.50,40.30,92.70,0.03,0.05,0.30,0.10,25.00,0.00,0.00
142,"Raisins, Seedless",Fruits,Dried Fruits,174683,Ready-to-eat,299,3.10,0.50,79.20,3.70,59.20,0.20,0.00,0.10,0.00,50.00,1.88,32.00,101.00,749.00,11.00,0.20,0.00,0.00,0.10,3.50,2.30,0.11,0.13,0.80,0.20,5.00,0.00,0.00
143,"Dates, Medjool, Raw",Fruits,Dried Fruits,168191,Raw,277,1.80,0.20,75.00,6.70,63.40,0.00,0.00,0.00,0.00,64.00,0.90,54.00,62.00,696.00,1.00,0.40,7.00,0.00,0.10,2.70,0.00,0.05,0.06,1.60,0.20,19.00,0.00,3.00
144,Dried Apricots,Fruits,Dried Fruits,168163,Ready-to-eat,241,3.40,0.50,62.60,7.30,53.00,0.00,0.10,0.10,0.00,55.00,2.66,32.00,71.00,"1,162.00",10.00,0.40,180.00,0.00,4.30,3.10,1.00,0.02,0.07,2.60,0.10,10.00,0.00,2.00
145,"Orange Juice, Fresh Squeezed",Fruits,Fruit Juice,169098,Fluid,45,0.70,0.20,10.40,0.20,8.40,0.00,0.00,0.00,0.00,11.00,0.20,11.00,17.00,200.00,1.00,0.10,10.00,0.00,0.20,0.00,50.00,0.09,0.03,0.40,0.10,30.00,0.00,0.00
146,"Orange Juice, from Frozen Concentrate",Fruits,Fruit Juice,171709,Fluid,45,0.70,0.20,10.40,0.20,8.40,0.00,0.00,0.00,0.00,11.00,0.20,11.00,17.00,190.00,1.00,0.10,8.00,0.00,0.20,0.00,50.00,0.10,0.02,0.40,0.10,45.00,0.00,0.00
147,"Apple Juice, from Concentrate",Fruits,Fruit Juice,168872,Fluid,46,0.10,0.10,11.40,0.20,9.60,0.00,0.00,0.00,0.00,8.00,0.12,5.00,7.00,101.00,3.00,0.00,0.00,0.00,0.00,0.00,0.90,0.02,0.02,0.10,0.00,0.00,0.00,0.00
148,"Grape Juice, 100% (bottled)",Fruits,Fruit Juice,168881,Fluid,60,0.40,0.10,14.90,0.10,14.20,0.00,0.00,0.00,0.00,11.00,0.25,10.00,14.00,104.00,5.00,0.00,1.00,0.00,0.00,0.00,0.10,0.03,0.04,0.10,0.10,3.00,0.00,0.00
149,"Butter, Unsalted (stick)",Fats & Oils,Butter,173410,Ready-to-use,717,0.90,81.10,0.10,0.00,0.10,51.40,21.00,3.00,215.00,24.00,0.02,2.00,24.00,24.00,11.00,0.10,684.00,1.50,2.30,7.00,0.00,0.01,0.03,0.00,0.00,3.00,0.17,1.00
150,"Margarine, Regular (tub, 80% fat)",Fats & Oils,Margarine,172023,Ready-to-use,718,0.20,80.70,0.10,0.00,0.10,14.90,37.10,23.30,0.00,30.00,0.08,2.00,23.00,42.00,943.00,0.00,799.00,2.40,8.10,60.00,0.00,0.01,0.04,0.00,0.00,0.00,0.09,0.00
151,"Olive Oil, Extra Virgin",Fats & Oils,Oil,171413,Ready-to-use,884,0.00,100.00,0.00,0.00,0.00,13.80,73.00,10.50,0.00,1.00,0.56,0.00,0.00,1.00,2.00,0.00,0.00,0.00,14.40,60.20,0.00,0.00,0.00,0.00,0.00,0.00,0.00,0.00
152,Canola Oil,Fats & Oils,Oil,172336,Ready-to-use,884,0.00,100.00,0.00,0.00,0.00,7.40,63.30,28.10,0.00,0.00,0.00,0.00,0.00,0.00,0.00,0.00,0.00,0.00,17.50,71.30,0.00,0.00,0.00,0.00,0.00,0.00,0.00,0.00
153,Vegetable Oil (Soybean/Canola blend),Fats & Oils,Oil,172340,Ready-to-use,884,0.00,100.00,0.00,0.00,0.00,12.00,23.40,57.90,0.00,0.00,0.00,0.00,0.00,0.00,0.00,0.00,0.00,0.00,17.00,7.10,0.00,0.00,0.00,0.00,0.00,0.00,0.00,0.00
154,Coconut Oil (refined),Fats & Oils,Oil,173573,Ready-to-use,892,0.00,99.10,0.00,0.00,0.00,82.50,6.30,1.70,0.00,1.00,0.01,0.00,0.00,0.00,0.00,0.00,0.00,0.00,0.10,0.50,0.00,0.00,0.00,0.00,0.00,0.00,0.00,0.00
155,"Mayonnaise, Regular",Condiments,Spreads,172739,Ready-to-use,680,1.00,75.00,0.60,0.00,0.50,11.70,21.60,37.60,57.00,13.00,0.35,2.00,16.00,31.00,635.00,0.20,47.00,1.90,4.30,24.70,0.00,0.02,0.06,0.00,0.10,6.00,0.15,7.00
156,"Mustard, Yellow (prepared)",Condiments,Condiments,172238,Ready-to-use,60,3.70,3.60,6.00,3.00,1.10,0.20,2.60,0.60,0.00,58.00,1.71,48.00,86.00,152.00,"1,135.00",0.50,6.00,0.00,0.10,7.70,3.10,0.11,0.05,1.20,0.10,29.00,0.00,12.00
157,"Ketchup, Tomato",Condiments,Condiments,172949,Ready-to-use,100,1.70,0.10,26.10,0.30,22.40,0.00,0.00,0.10,0.00,11.00,0.53,14.00,30.00,281.00,907.00,0.20,32.00,0.00,1.40,3.20,4.80,0.02,0.06,1.20,0.10,10.00,0.00,0.00
158,"Salsa, Tomato (jarred)",Condiments,Condiments,170087,Ready-to-use,36,1.40,0.30,8.00,1.50,4.00,0.00,0.00,0.10,0.00,25.00,0.65,17.00,30.00,223.00,595.00,0.30,33.00,0.00,0.50,5.70,9.00,0.05,0.04,0.70,0.10,15.00,0.00,0.00
159,Soy Sauce (low-sodium),Condiments,Condiments,175004,Ready-to-use,60,5.80,0.10,8.60,0.80,1.50,0.00,0.00,0.00,0.00,25.00,1.96,40.00,130.00,340.00,"3,704.00",0.50,0.00,0.00,0.00,0.00,0.00,0.04,0.16,2.50,0.10,30.00,0.00,1.00
160,Ranch Dressing (bottled),Condiments,Dressings,171266,Ready-to-use,475,1.40,50.40,5.20,0.00,3.20,7.70,12.30,28.20,38.00,32.00,0.20,7.00,47.00,78.00,753.00,0.30,37.00,0.10,3.10,22.50,0.50,0.02,0.07,0.10,0.00,7.00,0.10,2.00
161,"Italian Dressing (bottled, low-fat)",Condiments,Dressings,170481,Ready-to-use,78,0.30,7.10,3.30,0.00,1.70,1.00,1.70,4.10,0.00,3.00,0.17,3.00,5.00,20.00,907.00,0.00,2.00,0.00,0.50,3.40,0.30,0.01,0.01,0.00,0.00,2.00,0.00,0.00
162,"Hummus (classic, store-bought)",Condiments,Spreads,175289,Ready-to-use,177,4.90,10.00,14.30,6.00,0.70,1.40,3.30,4.50,0.00,38.00,2.44,36.00,110.00,228.00,379.00,1.10,1.00,0.00,1.40,3.10,3.10,0.16,0.07,0.60,0.10,83.00,0.00,4.00
163,"Water, Tap",Beverages,Water,174973,Fluid,0,0.00,0.00,0.00,0.00,0.00,0.00,0.00,0.00,0.00,10.00,0.02,2.00,1.00,2.00,4.00,0.00,0.00,0.00,0.00,0.00,0.00,0.00,0.00,0.00,0.00,0.00,0.00,0.00
164,"Milk, Chocolate, Whole (1% fat)",Beverages,Flavored Milk,167762,Fluid,83,3.40,2.00,11.40,0.30,10.40,1.20,0.60,0.10,8.00,114.00,0.37,13.00,100.00,193.00,60.00,0.50,28.00,1.20,0.10,0.20,0.90,0.04,0.17,0.10,0.10,5.00,0.45,3.00
165,"Sports Drink (Gatorade, original)",Beverages,Sports Drinks,174968,Fluid,26,0.00,0.10,6.70,0.00,5.80,0.00,0.00,0.00,0.00,0.00,0.03,3.00,3.00,37.00,200.00,0.00,0.00,0.00,0.00,0.00,0.00,0.00,0.00,0.00,0.00,0.00,0.00,0.00
166,"Granola Bar (oats & honey, 1 bar ~35g)",Snacks,Granola/Bars,172749,Ready-to-eat,471,9.00,19.60,64.90,4.30,27.80,8.00,7.70,3.10,0.00,43.00,2.99,80.00,265.00,258.00,282.00,1.80,0.00,0.00,0.80,3.00,0.00,0.23,0.06,2.00,0.10,32.00,0.00,10.00
167,Corn Tortilla Chips (plain),Snacks,Chips,167536,Ready-to-eat,489,7.00,22.90,67.20,4.50,0.40,2.90,7.60,11.80,0.00,105.00,1.72,78.00,218.00,207.00,575.00,1.10,6.00,0.00,1.90,0.50,0.00,0.11,0.08,2.60,0.30,10.00,0.00,8.00
168,Potato Chips (regular/salted),Snacks,Chips,167533,Ready-to-eat,547,6.30,36.40,53.00,3.80,0.30,9.70,12.10,12.30,0.00,20.00,1.48,48.00,152.00,"1,088.00",527.00,0.90,7.00,0.00,3.70,9.60,13.40,0.17,0.07,4.50,0.30,41.00,0.00,6.00
169,"Pretzels (hard, plain, salted)",Snacks,Pretzels,168918,Ready-to-eat,380,9.10,3.60,79.20,3.10,4.80,0.40,1.00,1.40,0.00,23.00,4.02,30.00,100.00,178.00,"1,435.00",0.80,0.00,0.00,0.50,0.50,0.00,0.50,0.41,5.00,0.10,127.00,0.00,18.00
170,"Trail Mix (nuts, seeds, dried fruit)",Snacks,Mixed Snacks,173004,Ready-to-eat,462,10.50,28.50,47.00,5.80,31.00,5.30,12.00,9.40,0.00,61.00,2.41,77.00,259.00,534.00,108.00,2.50,6.00,0.00,5.30,4.00,2.40,0.27,0.17,3.00,0.20,42.00,0.00,11.00
171,"Popcorn (air-popped, plain)",Snacks,Popcorn,167959,Ready-to-eat,387,13.00,4.50,77.80,14.50,0.90,0.60,1.40,2.10,0.00,7.00,3.18,144.00,358.00,329.00,7.00,3.00,1.00,0.00,0.10,0.30,0.00,0.24,0.12,3.40,0.20,12.00,0.00,9.00
172,"Canned Chicken Breast (water-packed, drained)",Poultry,Canned Poultry,782435,Canned/drained,130,25.00,3.00,0.00,0.00,0.00,0.80,1.00,0.70,65.00,11.00,1.00,24.00,195.00,210.00,240.00,0.90,7.00,0.00,0.30,0.00,0.00,0.04,0.09,12.00,0.90,4.00,0.28,20.00
173,Hot Dog / Frankfurter (chicken & turkey),Pork,Sausage,172937,Ready-to-eat,223,10.70,18.60,4.00,0.00,2.10,5.50,8.10,3.80,78.00,60.00,1.32,12.00,110.00,190.00,827.00,1.50,0.00,0.40,0.40,0.00,0.00,0.07,0.12,2.80,0.20,8.00,0.46,12.00
174,"Pepperoni, Sliced",Pork,Sausage,167863,Ready-to-eat,494,20.40,43.60,1.30,0.00,0.30,14.80,21.30,4.00,105.00,8.00,0.97,18.00,185.00,326.00,"1,582.00",2.70,0.00,0.30,0.50,0.00,0.00,0.24,0.22,5.20,0.20,4.00,0.90,22.00
175,"Chicken Broth (low-sodium, canned)",Soups,Broth,175175,Fluid,10,1.50,0.20,0.90,0.00,0.00,0.10,0.10,0.00,1.00,8.00,0.30,3.00,16.00,111.00,150.00,0.10,0.00,0.10,0.00,0.00,0.00,0.01,0.04,1.50,0.00,3.00,0.10,3.00
176,"Tomato Soup (condensed, prepared w/ water)",Soups,Canned Soup,172947,Prepared,56,1.10,0.90,11.50,0.60,6.60,0.20,0.20,0.40,0.00,10.00,0.70,6.00,24.00,257.00,417.00,0.20,35.00,0.00,1.50,5.30,6.30,0.04,0.03,0.80,0.10,10.00,0.00,1.00
177,"Lentil Soup (canned, ready-to-serve)",Soups,Canned Soup,175173,Ready-to-serve,79,4.50,0.90,13.60,4.80,2.50,0.10,0.20,0.40,0.00,21.00,1.90,23.00,92.00,220.00,435.00,0.70,7.00,0.00,0.50,5.50,2.10,0.08,0.06,0.80,0.10,39.00,0.00,2.00
178,"Cream Cheese, Regular",Dairy,Cream Products,171250,Ready-to-eat,342,5.90,33.80,4.10,0.00,3.70,19.40,9.00,1.40,110.00,98.00,0.11,9.00,107.00,138.00,321.00,0.50,390.00,0.60,1.00,2.30,0.00,0.02,0.22,0.10,0.00,8.00,0.21,6.00
179,"Sour Cream, Regular",Dairy,Cream Products,171257,Ready-to-eat,198,3.00,19.40,4.60,0.00,3.90,12.10,5.80,0.70,52.00,116.00,0.06,11.00,95.00,227.00,53.00,0.30,184.00,0.60,0.60,0.90,1.10,0.03,0.14,0.10,0.00,9.00,0.26,3.00
180,Heavy Whipping Cream,Dairy,Cream Products,170859,Fluid,340,2.00,35.70,2.80,0.00,2.80,22.30,10.10,1.30,120.00,65.00,0.04,7.00,62.00,90.00,36.00,0.20,414.00,0.90,1.00,3.40,0.20,0.03,0.12,0.10,0.00,3.00,0.18,3.00
181,"Cornmeal, Whole Grain, Yellow (dry)",Grains,Other Grains,170288,Dry,362,8.10,3.60,76.90,7.30,0.80,0.50,0.90,1.70,0.00,7.00,3.46,127.00,241.00,287.00,35.00,1.80,11.00,0.00,0.40,0.30,0.00,0.36,0.20,3.60,0.30,25.00,0.00,9.00
182,"Bread Crumbs, Plain (dry)",Grains,Other Grains,168921,Ready-to-use,395,13.40,5.10,73.50,4.30,6.20,1.10,2.00,1.30,0.00,183.00,4.57,45.00,160.00,230.00,736.00,1.20,0.00,0.00,0.30,2.50,0.00,0.72,0.44,6.80,0.10,138.00,0.00,28.00
183,Couscous (cooked),Grains,Ancient Grains,169700,Cooked,112,3.80,0.20,23.20,1.40,0.10,0.00,0.00,0.10,0.00,8.00,0.38,10.00,34.00,58.00,5.00,0.30,0.00,0.00,0.00,0.00,0.00,0.10,0.04,1.50,0.10,15.00,0.00,27.00
184,"Beef Jerky (original, beef)",Beef,Processed,167859,Ready-to-eat,410,33.20,26.00,11.00,0.60,5.70,10.90,11.00,1.00,70.00,21.00,4.80,32.00,310.00,600.00,"1,766.00",4.00,0.00,0.10,0.40,3.00,0.00,0.10,0.23,5.60,0.30,10.00,2.00,22.00
185,"String Cheese (part-skim mozzarella, 1 stick ~28g)",Dairy,Natural Cheese,171253,Ready-to-eat,254,24.10,15.90,2.80,0.00,1.10,9.00,4.50,0.50,54.00,516.00,0.20,22.00,357.00,76.00,466.00,2.90,166.00,0.40,0.20,1.70,0.00,0.03,0.33,0.10,0.10,7.00,0.65,17.00
186,"Protein Powder, Whey (unflavored)",Dairy,Supplements,173178,Powder,352,80.00,3.00,9.00,0.00,4.00,1.80,0.80,0.20,50.00,600.00,0.60,70.00,600.00,450.00,250.00,2.00,0.00,0.00,0.80,0.50,0.00,0.20,0.60,2.00,0.30,50.00,2.40,20.00
187,"Deli Turkey, Honey (sliced)",Poultry,Processed Poultry,168187,Ready-to-eat,109,17.00,2.00,4.50,0.00,3.50,0.60,0.50,0.50,51.00,10.00,0.96,18.00,193.00,253.00,920.00,1.20,0.00,0.00,0.10,0.00,0.00,0.05,0.15,5.00,0.40,6.00,0.20,22.00
188,"Asparagus, Raw",Vegetables,Other Vegetables,168390,Raw,20,2.20,0.10,3.90,2.10,1.90,0.00,0.00,0.10,0.00,24.00,2.14,14.00,52.00,202.00,2.00,0.50,38.00,0.00,1.10,41.60,5.60,0.14,0.14,0.90,0.10,52.00,0.00,2.00
189,"Artichoke, Raw (globe or French)",Vegetables,Other Vegetables,169205,Raw,47,3.30,0.20,10.50,5.40,1.00,0.00,0.00,0.10,0.00,44.00,1.28,60.00,90.00,370.00,94.00,0.50,1.00,0.00,0.20,14.80,11.70,0.07,0.07,1.10,0.10,89.00,0.00,0.00
190,"Eggplant, Raw",Vegetables,Other Vegetables,169225,Raw,25,1.00,0.20,5.90,3.00,3.50,0.00,0.00,0.10,0.00,9.00,0.23,14.00,24.00,229.00,2.00,0.20,1.00,0.00,0.30,3.50,2.20,0.04,0.04,0.60,0.10,22.00,0.00,0.00
191,"Bok Choy, Raw",Vegetables,Leafy Greens,170390,Raw,13,1.50,0.20,2.20,1.00,1.20,0.00,0.00,0.10,0.00,105.00,0.80,19.00,37.00,252.00,65.00,0.20,223.00,0.00,0.10,45.50,45.00,0.04,0.07,0.50,0.20,66.00,0.00,1.00
192,"Raspberries, Raw",Fruits,Fresh Fruits,167755,Raw,52,1.20,0.70,11.90,6.50,4.40,0.00,0.10,0.40,0.00,25.00,0.69,22.00,29.00,151.00,1.00,0.40,1.00,0.00,0.90,7.80,26.20,0.03,0.04,0.60,0.10,21.00,0.00,0.00
193,"Cherries, Sweet, Raw",Fruits,Fresh Fruits,171719,Raw,63,1.10,0.20,16.00,2.10,12.80,0.00,0.10,0.10,0.00,13.00,0.36,11.00,21.00,222.00,0.00,0.10,3.00,0.00,0.10,2.10,7.00,0.03,0.04,0.40,0.00,4.00,0.00,0.00
194,"Grapefruit, Pink/Red, Raw",Fruits,Fresh Fruits,174673,Raw,42,0.80,0.10,10.70,1.60,6.90,0.00,0.00,0.00,0.00,22.00,0.06,9.00,18.00,135.00,0.00,0.10,46.00,0.00,0.10,0.00,31.20,0.04,0.02,0.30,0.10,13.00,0.00,0.00
195,"Plums, Raw",Fruits,Fresh Fruits,169941,Raw,46,0.70,0.30,11.40,1.40,9.90,0.00,0.20,0.00,0.00,6.00,0.17,7.00,16.00,157.00,0.00,0.10,17.00,0.00,0.30,6.40,9.50,0.03,0.03,0.40,0.00,5.00,0.00,0.00
196,"Pomegranate, Raw (arils)",Fruits,Fresh Fruits,169134,Raw,83,1.70,1.20,18.70,4.00,13.70,0.10,0.10,0.10,0.00,10.00,0.30,12.00,36.00,236.00,3.00,0.40,0.00,0.00,0.60,16.40,10.20,0.07,0.05,0.30,0.10,38.00,0.00,0.00
197,Millet (cooked),Grains,Ancient Grains,169702,Cooked,119,3.50,1.00,23.70,1.30,0.20,0.20,0.20,0.50,0.00,3.00,0.63,44.00,100.00,62.00,2.00,1.10,1.00,0.00,0.00,0.30,0.00,0.10,0.08,1.60,0.10,19.00,0.00,1.00
198,Wild Rice (cooked),Grains,Rice,168879,Cooked,101,4.00,0.30,21.30,1.80,0.70,0.10,0.00,0.20,0.00,3.00,0.60,32.00,82.00,101.00,3.00,1.30,0.00,0.00,0.40,0.70,0.00,0.05,0.14,3.90,0.20,26.00,0.00,2.00
199,Buckwheat Groats (cooked),Grains,Ancient Grains,170284,Cooked,92,3.40,0.60,20.00,2.70,0.90,0.10,0.20,0.20,0.00,7.00,0.80,51.00,79.00,88.00,4.00,0.60,1.00,0.00,0.00,7.00,0.00,0.04,0.08,1.60,0.10,14.00,0.00,2.00
200,Rye Bread (dark),Grains,Bread,170892,Ready-to-eat,259,8.50,3.30,48.30,5.80,3.80,0.30,0.50,1.40,0.00,73.00,2.83,40.00,166.00,166.00,603.00,1.50,0.00,0.00,0.40,1.30,0.00,0.35,0.23,2.70,0.10,49.00,0.00,16.00
201,Brown Rice Cakes (plain),Grains,Snacks,168877,Ready-to-eat,387,8.00,2.60,80.80,3.50,1.00,0.50,0.90,1.00,0.00,6.00,1.04,77.00,282.00,158.00,12.00,1.50,0.00,0.00,0.10,0.00,0.00,0.21,0.07,5.30,0.30,11.00,0.00,11.00
202,Mixed Greens (salad blend),Vegetables,Leafy Greens,323505,Raw,20,1.80,0.30,3.50,2.00,1.00,0.00,0.00,0.10,0.00,80.00,1.20,25.00,35.00,250.00,25.00,0.30,200.00,0.00,1.00,250.00,20.00,0.06,0.10,0.60,0.10,100.00,0.00,1.00
203,"Tuna Salad (canned tuna + mayo, homemade est.)",Fish & Seafood,Prepared,782,Prepared (estimated),191,16.00,12.20,4.70,0.20,2.60,2.10,3.40,6.00,33.00,23.00,1.00,20.00,162.00,190.00,340.00,0.60,23.00,0.80,2.00,7.00,0.00,0.02,0.09,6.30,0.30,5.00,1.40,40.00
204,Bean Burrito (canned beans + tortilla),Legumes,Prepared,782,Prepared (estimated),197,8.00,4.50,31.00,6.00,1.50,1.00,1.70,1.40,5.00,101.00,2.50,38.00,130.00,310.00,480.00,1.00,10.00,0.00,0.30,3.50,1.50,0.13,0.10,1.50,0.20,76.00,0.00,5.00
205,"Whole Milk Yogurt, Fruit-Flavored (low-fat)",Dairy,Yogurt,170903,Ready-to-eat,100,4.50,1.50,18.00,0.00,14.00,0.90,0.40,0.10,6.00,147.00,0.10,16.00,117.00,195.00,66.00,0.70,23.00,0.10,0.10,0.20,0.90,0.04,0.20,0.10,0.10,14.00,0.45,5.00